<?xml version="1.0" encoding="UTF-8" standalone="yes"?>
<businessObjectModel xmlns="http://documentation.bonitasoft.com/bdm-xml-schema/1.0" modelVersion="1.0" productVersion="7.11.4">
    <businessObjects>
        <businessObject qualifiedName="com.company.model.Clinic">
            <fields>
                <field type="STRING" length="255" name="clinicName" nullable="true" collection="false"/>
                <field type="STRING" length="255" name="clinicID" nullable="true" collection="false"/>
                <field type="INTEGER" length="255" name="clinicTelephone" nullable="true" collection="false"/>
            </fields>
            <uniqueConstraints/>
            <queries/>
            <indexes/>
        </businessObject>
        <businessObject qualifiedName="com.company.model.Doctor">
            <fields>
                <field type="STRING" length="255" name="doctorName" nullable="true" collection="false"/>
                <field type="STRING" length="255" name="doctorSurname" nullable="true" collection="false"/>
                <field type="INTEGER" length="255" name="doctorAMKA" nullable="true" collection="false"/>
                <field type="STRING" length="255" name="doctorEmail" nullable="true" collection="false"/>
                <field type="INTEGER" length="255" name="doctorTelephone" nullable="true" collection="false"/>
            </fields>
            <uniqueConstraints/>
            <queries/>
            <indexes/>
        </businessObject>
        <businessObject qualifiedName="com.company.model.MaterialDepartemnt">
            <fields>
                <field type="STRING" length="255" name="materialDepartmentId" nullable="true" collection="false"/>
                <field type="INTEGER" length="255" name="materialDepartmentTelephone" nullable="true" collection="false"/>
                <field type="STRING" length="255" name="materialEmployeeName" nullable="true" collection="false"/>
                <field type="STRING" length="255" name="materialEmployeeSurnname" nullable="true" collection="false"/>
                <field type="INTEGER" length="255" name="materialEpmloyeeAMKA" nullable="true" collection="false"/>
            </fields>
            <uniqueConstraints/>
            <queries/>
            <indexes/>
        </businessObject>
        <businessObject qualifiedName="com.company.model.Nurse">
            <fields>
                <field type="STRING" length="255" name="nurseName" nullable="true" collection="false"/>
                <field type="STRING" length="255" name="nurseSurName" nullable="true" collection="false"/>
                <field type="INTEGER" length="255" name="nurseAMKA" nullable="true" collection="false"/>
                <field type="STRING" length="255" name="nurseEmail" nullable="true" collection="false"/>
                <field type="INTEGER" length="255" name="nurseTelephone" nullable="true" collection="false"/>
            </fields>
            <uniqueConstraints/>
            <queries/>
            <indexes/>
        </businessObject>
        <businessObject qualifiedName="com.company.model.OrderCreation">
            <fields>
                <field type="INTEGER" length="255" name="orderNumber" nullable="true" collection="false"/>
                <field type="STRING" length="255" name="nameOfOrderCreator" nullable="true" collection="false"/>
                <field type="STRING" length="255" name="surnameOfOrderCreator" nullable="true" collection="false"/>
                <field type="INTEGER" length="255" name="amkaOfOrderCreator" nullable="true" collection="false"/>
                <field type="OFFSETDATETIME" length="255" name="dateTimeOfOrder" nullable="true" collection="false"/>
                <field type="STRING" length="255" name="materialDepartemntID" nullable="true" collection="false"/>
                <field type="STRING" length="255" name="destinationOfMaterial" nullable="true" collection="false"/>
                <field type="STRING" length="255" name="kindOfMaterial" nullable="true" collection="true"/>
                <field type="INTEGER" length="255" name="quantityOfMaterial" nullable="true" collection="true"/>
                <field type="BOOLEAN" length="255" name="availiabilityOfMaterial" nullable="true" collection="true"/>
            </fields>
            <uniqueConstraints/>
            <queries/>
            <indexes/>
        </businessObject>
        <businessObject qualifiedName="com.company.model.Patient">
            <fields>
                <field type="STRING" length="255" name="patientName" nullable="true" collection="false"/>
                <field type="STRING" length="255" name="patientSurname" nullable="true" collection="false"/>
                <field type="INTEGER" length="255" name="patientAMKA" nullable="true" collection="false"/>
                <field type="INTEGER" length="255" name="patientTelephone" nullable="true" collection="false"/>
            </fields>
            <uniqueConstraints/>
            <queries/>
            <indexes/>
        </businessObject>
        <businessObject qualifiedName="com.company.model.ProcurrementDepartment">
            <fields>
                <field type="INTEGER" length="255" name="procurrementDepartmentId" nullable="true" collection="false"/>
                <field type="INTEGER" length="255" name="procurrementDepartmentTelephone" nullable="true" collection="false"/>
                <field type="STRING" length="255" name="procurrementEmployeeName" nullable="true" collection="false"/>
                <field type="STRING" length="255" name="procurrementEmployeeSurname" nullable="true" collection="false"/>
                <field type="INTEGER" length="255" name="procurrementEmployeeAMKA" nullable="true" collection="false"/>
            </fields>
            <uniqueConstraints/>
            <queries/>
            <indexes/>
        </businessObject>
        <businessObject qualifiedName="com.company.model.Supplier">
            <fields>
                <field type="STRING" length="255" name="supplierName" nullable="true" collection="false"/>
                <field type="STRING" length="255" name="supplierSurname" nullable="true" collection="false"/>
                <field type="INTEGER" length="255" name="supplierAMKA" nullable="true" collection="false"/>
            </fields>
            <uniqueConstraints/>
            <queries/>
            <indexes/>
        </businessObject>
    </businessObjects>
</businessObjectModel>
